# path	size	sha256
Drum/bongo/219157__jagadamba__bongo01.wav	35952	1117f1ae188cb0180f8c3e13c56b79f5f5af6254280e7c6b07bad9c4ce1832b2
Drum/bongo/579853__curesforbrokenhearts__lp-matador-bongo-drum-hembra.wav	563716	f14ea00009cf94f8d35c7e0ac7665ef8cd474bdf3435d46f5ed985e49fde64f2
Drum/bongo/99752__menegass__bongo2.wav	106094	2873ce881c1b95021e01622fb798410aceb7b72ef63f23c7ee0a038b4b33cfa2
Drum/bongo/99754__menegass__bongo4.wav	105886	726633f5a2b0c5b8dcf8b43c107472dfc7327686fb38fa2ba4bc4e0f4ae1af92
Drum/bongo/99755__menegass__bngoh.wav	17684	579083d0abcbbc35b29544e5906049c2d1b334f13416e32b607b961153368bf4
Drum/clap/388042__sami-kullstrom__clap.wav	123736	b483e6b3be4f7d6853886ae91fead493b383465ab366f625dad11ac1fa214aab
Drum/clap/448221__toxicfilmzsrsounds__hip-hop-clap.wav	27236	24605b629a4f0d5a68f0aa245ad26671e11a7ef16cc3ef742840fb9275b542f3
Drum/clap/493707__bastianpusch__handclap01.wav	91140	9be7f695ceb6d9aa0289c9c683f9184d4fd6c87416b1c27c583ef6eb33cf760f
Drum/clap/509526__synthnisse__claps.wav	58096	560f9a1e417d854d78c8be87285c02d33f7d5944ede91d5702921af821d9dec7
Drum/clap/Clap1.wav	66006	b85c03b4c534698b6e0d4c9d1ab1ca01f224cb64fafc205f6e9ec9724cf548f5
Drum/claps/distkit-clap.wav	51122	cce0b2d65bcde1c0444408cb7e6a4d34b3a42583d5dce24141e62671fb0cbba4
Drum/claps/sdbkit-clap.wav	276566	2c2963df4d5f2d6dca10224812dc107c375811291f0721b7274bcd58b812dc00
Drum/claps/synthkit-clap.wav	55676	460a3df47807708de89e8f9a7f845993e05dfec9f16416b1f86603301067bd06
Drum/claps/x0xproc1-clap.wav	204032	dcd9ccb8d2f860deadd57f82206f9621d24ce1d0db8020842f609a889e236965
Drum/claps/x0xproc2-clap.wav	257756	0c7ae21c528fbabc7f45ea6d503f2944e8704674c767766a5993281bd412bef1
Drum/crash/104210__minorr__crash-paiste-pst5-17-left-ff.wav	1447244	c9483ac22a0d6a550255d587581ccecbf879f4ac048439ef8f661c25f55f5cd4
Drum/crash/104217__minorr__crash-zildian-a-custom-16-centr-f.wav	999980	60d28b32cad54eb91f49a2f4008f4b5cbbfc4989b0db422a10bc4acc982f7e92
Drum/crash/140153__stomachache__analog-cymbal.wav	477016	69d87a29aa40c9da701feff04b321d974cc75bcb559a9edbf8f63be98ccb8919
Drum/crash/261413__veiler__crash.wav	385024	b79b3c0de4b1c1c1601a2d91441fd5f9f5f0f104cfdc21ba7a35e44474cd1d2f
Drum/cymbal/crash_BRD_17.wav	2772086	f340dd22abee9369379e94f662a4aa897e15822f1572a082c127b47dacf70496
Drum/cymbal/crash_UD_16.wav	3200138	6c580e5cfe3bbdc8b734d81553f68e539044bf3f512e965f648938aaef1d9821
Drum/cymbal/distkit-crash.wav	939326	21451524d334fae532d469b0babce0f642595738dec8bf8af2f17b254580ee8e
Drum/cymbal/distkit-ride.wav	666830	adca149b2efe52c44355c979bd3fd444ef3ab33664a6c2515fafb9665be57121
Drum/cymbal/ride_BRD_22.wav	3238686	e272f70a76ec3ce7ad90168fa068fe2bfb112862edcd793bed8a0fc5196bb3ba
Drum/cymbal/ride_UD_20.wav	3599858	235e77ade745988a25d4690a92f2ab45022c6a16e35dfce92a1c86e61c1937ea
Drum/cymbal/synthkit-crash.wav	423620	4550ca9bb38c6517db5d9fed0a6a639b8b5c6f4824efa17e1c77b38703535a38
Drum/cymbal/synthkit-ride.wav	446060	3c376437da6cf49c045f9849622b1ee9f7c88e55fdac9ed0476cd7502fa84b33
Drum/cymbal/x0xproc1-crash.wav	275096	df1f91e5bdc418a2d9441385ca12e9e1e9703992e5c3d1b1e9f9eca88878301f
Drum/cymbal/x0xproc1-ride.wav	254960	2bfd5db6fdc170f9282d718a462f8eeb206a9644e9aca74dcde4ac6f1b891bc3
Drum/cymbal/x0xproc2-cymbal.wav	724238	e70cc580a8d5bdafebe4b684a039a53342eff5bac1df5c08da9efbac7a696f23
Drum/hihat closed/132415__sajmund__hi-hat-hit.aiff	173590	73709429d4ac6721d3cbd8f1f56408de229c745d3baa5c91dd2a17ddf7a45e95
Drum/hihat closed/339278__cabled-mess__hihat-closed-raw-03-gate-eq.wav	59920	df8c6d1d2356adcc8186b266a009c7b2b1b918b550deeef39b79723137528d1c
Drum/hihat closed/439766__twentytwentymusic__electronic-closed-hat-9.wav	21138	a48ab57d2d8c228f3cff35f3c35e034e7bc548755402f173d80ec733d6f58ba2
Drum/hihat closed/93909__pjcohen__skibacustomhihats1145top1215bottomclosededgeshank.wav	111496	03d49e9a87127dc6f2ba5c7c93747c50821a16ba3424650898da6ae0d4972e41
Drum/hihat closed/Hihat1.wav	17472	14dddc4b2041900c1a88e560dff4dc557649c6350631a831c6f63c4df0d1b83a
Drum/hihat closed/Hihat2.wav	34404	094af95ce38c97239872183442d98427144e0e4a3eaf41bf7cf973a19da1a74f
Drum/hihat closed/distkit-hatclsd.wav	70304	74077a134eb66bc4367f4b8a716956b16d724c5c21030c1d49fdabf0726b0895
Drum/hihat closed/hihat_BRD_closed.wav	219034	8799002f30442ededcdb90094170e7617083b037d1c21cd24b1566bcb2a2f934
Drum/hihat closed/hihat_BRD_tight.wav	201558	e41a734cf0b8994c9202e7839fc2d7f8f57799395e7a2b235518bc6f3225b1d8
Drum/hihat closed/sdbkit-hatclsd.wav	53558	f85a1a670067253f86bcd33a190242a95b474a9973f716d031e8a704cd40744a
Drum/hihat closed/synthkit-hatclsd.wav	88838	3ae9ebd65f2b4deb7a655be5a2bbcd6b4d43df7ee32efd635e864372e868e063
Drum/hihat closed/x0xproc1-hatclsd.wav	51644	a43d2df5a21845c5256fb09ff3f1b97105514ef18b2a57bbc33d80c8892efc11
Drum/hihat closed/x0xproc2-hatclsd.wav	33236	49e1268f26e2a90c492049a5d89e85478e03419fb166bb11b751a8ba4c2c196e
Drum/hihat open/165027__rodrigo-the-mad__mini-open-hihat.wav	42462	5f5ff5b42db635da420e5f098160ade2c157f300a63b5c48dbbfaee6b92aa55d
Drum/hihat open/165028__rodrigo-the-mad__mini-909ish-open-hat.wav	36452	f494749990dd40a4918bfc0e66a7df5e29aba03819d985918d2cafb16b2adc1c
Drum/hihat open/317097__shpira__hat-open3.wav	264650	e6a95b1bc971931e5883cf1180862c005066f915a04c1115b76a7252d099ae99
Drum/hihat open/439820__twentytwentymusic__electronic-open-hat-7.wav	22108	0ff46842faba2cd0ebd334578f6c28ab3fccd526a3de109f457c5566fdcf3739
Drum/hihat open/distkit-hatopen.wav	332828	6f47aa3f5755f3c8ad486841760b956d43e7e4f12057c2d3fdb2def300aeb8d7
Drum/hihat open/hat-1.wav	204888	f6061d2a1bf845e3402c470e4770968d0d547d3e3dbb842c6f31b8eda250140a
Drum/hihat open/hat-2.wav	168024	edfcb199b105153cbef387f21ec3947c6fcae9b26c515266aec9c8946226baa0
Drum/hihat open/hihat_BRD_open.wav	1748298	0a36e768b9161cea7f2fcb89ffc1792f7676d75469bf03b71ef92b15d4b68298
Drum/hihat open/sdbkit-hatopen.wav	285098	ec460260b8f8ff8335788f0e3c9f1a1f2160327cfcd224053ae7d4321ea50171
Drum/hihat open/synthkit-hatopen.wav	296384	8a0c8019c88fab848bfab5370331414b9372e3127e2867246ea756a42700cc5e
Drum/hihat open/x0xproc1-hatopen.wav	140126	c6a17e715380911a708f6a2ce9b15dea5eac78a3a2ffc89404dfd04aef9e1c05
Drum/hihat open/x0xproc2-hatopen.wav	329594	2d60e6765c607af31a6e246c248f446cbefead8610be88a20bb61630584b8aa6
Drum/kick/192512__nabz871__knife-party-like-kick.wav	146816	797eeacf45715ac820110bd630ef750e04e43a32ced2999e4c9dc4c6d6e34fd3
Drum/kick/266764__hard3eat__synth-kick-3.wav	86534	7bb46cc16b084db18bfcfc231f8c8e87ebfa4f4e0f4000d4f2caaab719ef495b
Drum/kick/347166__dvbeats__kick-drum-1.wav	44452	00cbd023a37dd364e8a8143910d41eca177e3b68ef3be5b6b134ede9940cf24f
Drum/kick/348785__arctis__hardstyle-rawstyle-kick-8.wav	273314	a07c1b5a1fcbddb4ea5cabc56dcd38667a2a5df6b07b7a4ad8da33724277692d
Drum/kick/561593__panxozerok__safari-kick-2.wav	271638	857b51ed91861abb6757fafe5f96a267cbef32c9f253e0a9cc1f8531490fc4a5
Drum/kick/BDrumNew_hit_v2_rr1_Sum.wav	281616	56827fe9b55f282a0db851e242bc24660d339a0e358b182966aea047240c1136
Drum/kick/BDrumNew_hit_v2_rr2_Sum.wav	302396	f1f8979de26f8efe278fe778da7bdce2a39fbfb9f2cbf345e38ce8c66f171b59
Drum/kick/BDrumNew_hit_v3_rr1_Sum.wav	367124	a2d8829e8b2b59e8afb12fa396b01758827059339c2a84ad066d17b36c82d1ff
Drum/kick/BDrumNew_hit_v3_rr2_Sum.wav	354580	036c6c5fcfbcca845d92dbcdcef075ee6e0ae01636374a2f7dd1a696a7ba33f8
Drum/kick/BDrumNew_hit_v5_rr1_Sum.wav	588092	642aaf3375eaff1307973f7de3ccbf74d18e71fb3cf9412e021b08fc3bf1981c
Drum/kick/BDrumNew_hit_v5_rr2_Sum.wav	614388	a83943f8125ae39469ef5dab1d0be2fe3145c6842c0621b27be5d86aa44b325d
Drum/kick/BDrumNew_hit_v7_rr1_Sum.wav	1105152	7024054e68261d2cca0ee58fdf9d6f23b54370792d04aa2c1ccf41acc090bd2b
Drum/kick/BDrumNew_hit_v7_rr2_Sum.wav	993988	fa4374b9ffdc3b9a3c85331ce96c447cf13e46d956cce9cfd9ba02801f71276f
Drum/kick/Kick1.wav	196680	76421cd952998571df801a8b96ccb8c756103029f49e099dda2b55fe49b9fe6b
Drum/kick/Kick2.wav	115236	818465622838b63fec3499f12a0265f800193849d6133e5a433a7472114b855c
Drum/kick/distkit-kick.wav	252668	80f029e56cb0cf8e8df6b180f02af380e0410a43376e3c2d8f2efd81b9d1e8ab
Drum/kick/kick-1-A.wav	217176	8e2beaa2f050289bdf925699a38d3ad63f1a57eb214daa1f06ab06a4b437aef6
Drum/kick/kick-1-B.wav	225368	28b4b5c2100a1bf9f6dfc6452bef8a89844dad8a3a7fd890749050630e03eba4
Drum/kick/kick-1-C.wav	208984	1136717fa425d84ddde652fa78180b9b9e087451164657e37f41d0869604b9a2
Drum/kick/kick-2-A.wav	254040	bc9bbdc544c75a031fd18b8ecf45b8bca7782e4447e771afe16d5d82ef43e4b0
Drum/kick/kick-2-B.wav	221272	db4589cffbf7e71c04db67abd9390082d7f6930d97f83dbcd076ebbc710d5794
Drum/kick/kick_Polmuz_mod_20_buzz.wav	522350	db5777236da288efa014c8fc24356aae205a106e37a83ff08252f0e4d81b491d
Drum/kick/kick_Polmuz_mod_20_clean.wav	535274	614b23455ee9400ef62996f192b7966a70e12f7a1be2d5978a621b16cf85240f
Drum/kick/kick_Szpaderski_24_dampened.wav	149996	ac4da8e7ac947578637264b561152a99b2bab05fdd6a2aa824d279b65a0d6d05
Drum/kick/kick_Szpaderski_24_open.wav	353662	502320b26e79b361b4f98fae9bfd7bc1ec6faa958e94b59b29ae5011b074dac5
Drum/kick/kick_marching_20_old.wav	88338	11d464abc9b82330c134b90e0a78b4dcf0b01b92fc824e74753a5de1dbb55137
Drum/kick/sdbkit-kick.wav	52742	ae1694fbba73717d459009283c1c942d07d3db46d84358282175ecec060d8fd1
Drum/kick/sdbkit-sub-a.wav	516446	2ccab3dc777b7ce607bdb7dec396bb6feed658edb6b016b7068240c8f8780a51
Drum/kick/synthkit-kick.wav	322028	faef5e7dd5a08e70927ba3d1e45a8c6a825f187c9eea11d01d947f191ec4c331
Drum/kick/x0xproc1-kick.wav	110636	debd64498f2912701f9d7b1948a00840a5ca3ee424111945d2be5601c7cf735e
Drum/kick/x0xproc2-kick.wav	382598	1a60f67895ae09f6a7bef418d0ec6dfc2f4c5b25123d55988cef2195a90a4694
Drum/other/Bongos/BongoH_Hit1_v1_rr1_Mid.wav	146696	7ebcd2149e8a75189446afba67c96b58f42757bf7aa355364f2e11cee705f33f
Drum/other/Bongos/BongoH_Hit1_v1_rr2_Mid.wav	199484	4905c0cee5db34c8edfc49aa51d93f4a7d2a823190eaa12d2500515639a42cf3
Drum/other/Bongos/BongoH_Hit1_v2_rr1_Mid.wav	209356	dd9b6239a151702966a995937f74ac022c9bb950c967277fbd16beaced0c9e1a
Drum/other/Bongos/BongoH_Hit1_v2_rr2_Mid.wav	177716	03d4653d70e2180643872da4ebb94845f4da81b8d8f9ba2c7df3a611bd9d65ac
Drum/other/Bongos/BongoH_Hit1_v3_rr1_Mid.wav	205208	e93ed5c0fbafc3f122ced7c56c3f08021d8616e96c81c42aa62c5f368111d001
Drum/other/Bongos/BongoH_Hit1_v3_rr2_Mid.wav	186744	e0c143a2d32aca5430ffe2254c699b772ecfeaf6eef9d4c414365b538f693916
Drum/other/Bongos/BongoH_HitMuted1_v1_rr1_Mid.wav	175448	64d46278b649476cbefcdf4ceec2618fcc500723348bfecb3620c8950e5d3753
Drum/other/Bongos/BongoH_HitMuted1_v1_rr2_Mid.wav	173324	fab8be03ed74577aafc7273641d215e0006862be20b3693d9247e6c2e677c06b
Drum/other/Bongos/BongoH_HitMuted1_v2_rr1_Mid.wav	188064	a247267b703a17d7f70190178b3b15ba030a9097b4b6a05a8e476e5733673b6b
Drum/other/Bongos/BongoH_HitMuted1_v2_rr2_Mid.wav	182468	c593cd3c010bdecb6c3b346d3335b9653d6aba04724e8427e9b6e328d2ba0b34
Drum/other/Bongos/BongoH_HitMuted1_v3_rr1_Mid.wav	214912	8ec81b9724006b8181f7ef8d604a2e0fecd507c1baa22953f9ee25025662532b
Drum/other/Bongos/BongoH_HitMuted1_v3_rr2_Mid.wav	178468	2303c63b20c201fc080c65ad5183eed4f47f06b4664d28e3f968cdd7ca49dca1
Drum/other/Bongos/BongoH_Roll_v2_rr1_Mid.wav	646736	34f76e30a1fce60efc0e7f91df366352de3eb937427ee3b013e51a88773c2ad0
Drum/other/Bongos/BongoH_Roll_v3_rr1_Mid.wav	565248	409a689357046784e6c4a13816cf2729422da61e06650917600e193b9ae720cc
Drum/other/Bongos/BongoL_Hit1_v1_rr1_Mid.wav	186436	746f5c4d37cf956c083f0c98b74dd7b6f7daeda6405d7b1534bbc56f1b741e4a
Drum/other/Bongos/BongoL_Hit1_v1_rr2_Mid.wav	172984	30c83a15eb158a8114ada571c196027691cf205d9fd55423d4405a65b94dc231
Drum/other/Bongos/BongoL_Hit1_v2_rr1_Mid.wav	168720	0ee22ac30a27a1e91fbba58e0c4b36b28ea6c508dad5f11b10bdb9db07f2b443
Drum/other/Bongos/BongoL_Hit1_v2_rr2_Mid.wav	209296	0933627d939145e57ff95e93ce3618b0c35f8de6ed6f0f4bfad42f8dd66f8fa5
Drum/other/Bongos/BongoL_Hit1_v3_rr1_Mid.wav	209224	07986a1bc54b31dafd9c7dc250e42a613977b320b33b2e4652d21332064de4eb
Drum/other/Bongos/BongoL_Hit1_v3_rr2_Mid.wav	205936	da93f8eba020d57ec57c27505f4132c346900aee6a5f76e9754d01c93658a226
Drum/other/Bongos/BongoL_HitMuted2_v1_rr1_Mid.wav	136228	b3abfaa60f07e8321b41aa8dcc2ef98f8d5355b7a04dd60a95d991150a58f00b
Drum/other/Bongos/BongoL_HitMuted2_v1_rr2_Mid.wav	145188	4803a5c4dffed1f93d03c5aabb4e353d058e16e0b7b5e73d5b205d9da4886947
Drum/other/Bongos/BongoL_HitMuted2_v2_rr1_Mid.wav	197568	fad3522ab6ecf20c458469ad76cce43876be4b90f82fdc6944458b7ab91919f1
Drum/other/Bongos/BongoL_HitMuted2_v2_rr2_Mid.wav	202940	46178c9f093afff957c62bbbf665aeaa2ecba5dc0f4d9118523446881aff0f1d
Drum/other/Bongos/BongoL_HitMuted2_v3_rr1_Mid.wav	199540	7f4237b693ff76ed43c1ba88e8a15bc9785f2e6d9420f7f57096bebf1526d31b
Drum/other/Bongos/BongoL_HitMuted2_v3_rr2_Mid.wav	198636	111c1cfc68fb407bf5235cc5fc31655d139da5bd12f26fb8840619a41405c527
Drum/other/Bongos/BongoL_Roll_v2_rr1_Mid.wav	572516	0ed0d8558dbc8eed7dfebe2ca12f1c66509953a0f87501ccc936f990de3ff3c1
Drum/other/Bongos/BongoL_Roll_v3_rr1_Mid.wav	521284	8a52008b9268f501d53db6068578ee0e831ff4af2d907724c18979bacf7ace1b
Drum/other/Conga/Conga_HitFM_v1_rr1_Sum.wav	119016	5b18eeab0a84fededac9f5749b4d6502ad1725df37538d1b572f2068c6ec5f53
Drum/other/Conga/Conga_HitFM_v1_rr2_Sum.wav	146608	813e9e4dad92d6908c663fed63a321af2d5efd01cf953696afb4b6871c43c65c
Drum/other/Conga/Conga_HitFM_v2_rr1_Sum.wav	159004	1a24a11a7dae6fdc05405a706768a5b6d96ad534c95bee5d451aa49eedd84855
Drum/other/Conga/Conga_HitFM_v2_rr2_Sum.wav	143076	f1d21c33c0cf8a5f22c18376c4bae481345b12177a243fc5571591ef7d29b51b
Drum/other/Conga/Conga_HitN_v1_rr1_Sum.wav	185024	74bb1f4feb3ae739e229f47f54b66def0cd12adc0033e998091e6456a15eadd0
Drum/other/Conga/Conga_HitN_v1_rr2_Sum.wav	116928	08c13ec3aecfeca05762d696e67ec592f018898ed3969270c31fda6d249391f6
Drum/other/Conga/Conga_HitN_v2_rr1_Sum.wav	140012	13d322c0e7a830cdbcbdc5a6e05566dfe3f5a073b7b82a3262d3f6fc10f96764
Drum/other/Conga/Conga_HitN_v2_rr2_Sum.wav	131952	4f52f6619fd12d1d0e1e942e67cdf77fcad06fef6de44eba8bab6df99ade4acd
Drum/other/Conga/Conga_HitN_v3_rr1_Sum.wav	231124	664365ac735d819c69cabbbae8a78d225fa73059e698ad8ca292c46cc03c6961
Drum/other/Conga/Conga_HitN_v3_rr2_Sum.wav	178648	d968cd98a8cf8238f244515a302b77adec88dae365bc9de9146ae8938225d142
Drum/other/Conga/Quinto_HitFM1_v1_rr1_Sum.wav	123548	c316a657a46160ae7b41b4181d9941752606705a5f7d4fae24e18a9dc94ed7e4
Drum/other/Conga/Quinto_HitFM1_v1_rr2_Sum.wav	103280	7a11113885e87277d08a5f10d492ea793be6c01c48172fe0490ca29e8e3a1f1a
Drum/other/Conga/Quinto_HitFM1_v2_rr1_Sum.wav	156412	92f9d0ea6694eadedd1ee55495a794fba5a3fe9b228c7d7d5c787f3c03690051
Drum/other/Conga/Quinto_HitFM1_v2_rr2_Sum.wav	169664	baede37228560f89bbddb5ee4b99a4d69d750fab7d17dd9c7d0944507f8cdca7
Drum/other/Conga/Quinto_HitN_v1_rr1_Sum.wav	117192	7ee442ad7d604433afebbb648e6dde63b7ca969973b2a215cfa26f104d597ed8
Drum/other/Conga/Quinto_HitN_v1_rr2_Sum.wav	163996	e2db1d64cef5f96d5fc484e926273c90aeef4dc39836dc80570f1932bd613fcd
Drum/other/Conga/Quinto_HitN_v2_rr1_Sum.wav	141228	ccbc9514d58b0a18af1aff2cabd29be7516ecb5790c9bcb707be67a374829e4b
Drum/other/Conga/Quinto_HitN_v2_rr2_Sum.wav	155968	24130dab5ff65095dcd6ac41c8c2e7d3b5abb675067cb08e973bbc72302a50dc
Drum/other/Conga/Quinto_HitN_v3_rr1_Sum.wav	207412	07fe0922f97a57969a3cbb706126de2d09d23f42f6390a9a9adac027d7741c7e
Drum/other/Conga/Quinto_HitN_v3_rr2_Sum.wav	157200	84b8d93a05c13ad7c04e6bd28f467ae3667e15ccaaf8aacd93928ec66504fb4d
Drum/other/Conga/Tumba_HitFM_v2_rr1_Sum.wav	93556	4922a55ed8fe85b274d186bd3a3b946743c099b045f129f9031c9ab3f04a6a2b
Drum/other/Conga/Tumba_HitFM_v2_rr2_Sum.wav	91088	4036f87cf824ebb85246eb30c0f10b11e191bf0ffdf806701ee686125ca1e581
Drum/other/Conga/Tumba_HitFM_v3_rr1_Sum.wav	92140	5573840d97955f2efb0115f48f57b2a12f5ac04e03aea8a69f27c3f9fd64a017
Drum/other/Conga/Tumba_HitFM_v3_rr2_Sum.wav	98268	ff8bd303ab93f22603c4069411bbf1e86ea1f255644130f9d002d71121d90e72
Drum/other/Conga/Tumba_HitFM_v4_rr1_Sum.wav	154712	42b97753c25cbd8f46a1785610162f03a22e4cd4b6ac8b7cb2c0f5c8c0e882a5
Drum/other/Conga/Tumba_HitFM_v4_rr2_Sum.wav	160480	bdb4dec16fa317f76ad2cfdc805d35c39119d2e4fc09192502f000f0f84664fd
Drum/other/Conga/Tumba_HitN_v1_rr1_Sum.wav	124652	f02d803de1a48ecc3714bcd8b929683b2608f5756a451c9ae2f83a0f86c9b6a9
Drum/other/Conga/Tumba_HitN_v1_rr2_Sum.wav	123428	324e0f92de8766d584a56355d2b679718927e195a059199883fec8756bc81e9a
Drum/other/Conga/Tumba_HitN_v2_rr1_Sum.wav	149288	c61f662c8af0dc95fcfca81d8a319b71bafd6e4c59a168dceec799fbb7963a47
Drum/other/Conga/Tumba_HitN_v2_rr2_Sum.wav	126616	9092f501109e11c07a62503d1e69c53efb6fb9060376d491c57cf3c037199519
Drum/other/Conga/Tumba_HitN_v3_rr1_Sum.wav	129160	ac94b311b5e0f5cfbb27bda691cde3ef5bb8afb1b7c7bf5b7c736e6a1714f411
Drum/other/Conga/Tumba_HitN_v3_rr2_Sum.wav	120668	30d5a78e91a6b18eb4ebd317db3006673abc82e6f9f86d813dee0f7d48a61af2
Drum/other/Conga/Tumba_HitN_v4_rr1_Sum.wav	161200	5504101dba1a22e133efb77147084e96565a7ff64535f94f2f3d8934f2b2895b
Drum/other/Conga/Tumba_HitN_v4_rr2_Sum.wav	200148	0f47c8791caf3a056c046ea58fee8c6845dbb0e5a7af26a466f1558072325b55
Drum/other/Darbuka/Darbuka_1_hit_vl1_rr1.wav	188300	8cebede6dbb3927a740e14e4a1eb76f6731892acc51dcda56308736372abb3fe
Drum/other/Darbuka/Darbuka_1_hit_vl1_rr2.wav	211692	c0884077c0e6e588b54514307d0ed220fcf606a08bca8cb89f3b7f5a800eb7b7
Drum/other/Darbuka/Darbuka_1_hit_vl2_rr1.wav	221192	9775c01e17a2713c239c552b63c3b6e9068f782c70128737390f8508f14cffb0
Drum/other/Darbuka/Darbuka_1_hit_vl2_rr2.wav	215640	1044ea2a44041d10c319c93a476232d86129b62e325ca544f93a50ebad8fd863
Drum/other/Darbuka/Darbuka_2_hit_vl1_rr1.wav	113988	34071020cd809365b706e121f5fd6b29e1c3208dd5a995b39c5f540c19693538
Drum/other/Darbuka/Darbuka_2_hit_vl1_rr2.wav	114964	f7aba2fb1ee750152b91b440348e52b0920210b603a60eca52183538462b2d93
Drum/other/Darbuka/Darbuka_2_hit_vl2_rr1.wav	103708	86aab33549dc1225ab3d2158675b0abfa76279274e453602bb80c3b88640558b
Drum/other/Darbuka/Darbuka_2_hit_vl2_rr2.wav	109480	e5311a8560dea027a3fdb1719fa6f257aaf3969fd5b7980c22700bccdfa7461e
Drum/other/Darbuka/Darbuka_3_hit_vl1_rr1.wav	90756	bf17760d121507998b70b7ad49f77740ca981faf0821d7003771224690e0efcb
Drum/other/Darbuka/Darbuka_3_hit_vl1_rr2.wav	88580	e84226f80f3618b16135fe027c3ca646f233eae85c3be3b5c71218c6131cd33b
Drum/other/Darbuka/Darbuka_3_hit_vl2_rr1.wav	91936	ba755558fc30e112808a57543c8ae5d25bc09b1db3244d789fa898ff1eda0cb5
Drum/other/Darbuka/Darbuka_3_hit_vl2_rr2.wav	90244	e896e57f35f497b6d00438f78343bdab2d7a655c7c179d24563edeebede6b6e3
Drum/other/Darbuka/Darbuka_4_hit_vl1_rr1.wav	108392	782dbf065d6689dfe7820f8eade6c9ccde6bcc15a8baef473206462e600db011
Drum/other/Darbuka/Darbuka_4_hit_vl1_rr2.wav	106952	c420c680045ad6ecd3df5d01679ed280cbd0938b63b5c8c3cd740a7b6566bad5
Drum/other/Darbuka/Darbuka_4_hit_vl2_rr1.wav	128996	6d6c6cb0898490532dadba6ec4a7f2440f8de6c94192f77af53a86878f0c562c
Drum/other/Darbuka/Darbuka_4_hit_vl2_rr2.wav	114672	e0545bd20823bfcbf45a4fcf2a0973bb88a5a6897908f04942267cc6b3fe2826
Drum/other/Darbuka/Darbuka_5_hit_vl1_rr1.wav	95288	d06ff1c19c18909147d872e108dc82847f7dce3aa30db60537475d5e0b37ca88
Drum/other/Darbuka/Darbuka_5_hit_vl1_rr2.wav	112332	9bb1b75fcbee2fc7cd61e0e462f20e21fee182d1086f90a650b571f21a938ad5
Drum/other/Darbuka/Darbuka_5_hit_vl2_rr1.wav	98860	ab61a720980c838d84909626ad4aa5216ef80d76e3a29f38df9fb03ea8e2b142
Drum/other/Darbuka/Darbuka_5_hit_vl2_rr2.wav	106304	93687d27113db3bd3aed93dd71d8a7e4e57385d8e420bd40d5eb24cac6a770fa
Drum/percussion/Anvil_Hit1_v1_Sum.wav	297488	0664753c4388899873f666afaf95cd34c8e2e4ad9c2013fccf6487ba9e146cbe
Drum/percussion/Anvil_Hit1_v2_Sum.wav	267524	dfef593c86cb8ce18ee38b249dffc07f7c5ebb176ec827530bb3f80ce5aaec7d
Drum/percussion/BDrumNewhit_v2_rr1_Sum.wav	281616	56827fe9b55f282a0db851e242bc24660d339a0e358b182966aea047240c1136
Drum/percussion/BDrumNewhit_v2_rr2_Sum.wav	302396	f1f8979de26f8efe278fe778da7bdce2a39fbfb9f2cbf345e38ce8c66f171b59
Drum/percussion/BellTree_Stroke1_v1_Sum.wav	805132	2597516c86677708c0696ab303e81158ab1d69baa109635ceef204aa68d753e3
Drum/percussion/BellTree_Stroke2_v1_Sum.wav	905432	a9a25b98a0e055b8fe72275e9ee944d5a16df4bc3f86a4ba542387b3025807d6
Drum/percussion/Conga-HitN_v2_rr1_Sum.wav	140012	13d322c0e7a830cdbcbdc5a6e05566dfe3f5a073b7b82a3262d3f6fc10f96764
Drum/percussion/Conga-HitN_v2_rr2_Sum.wav	131952	4f52f6619fd12d1d0e1e942e67cdf77fcad06fef6de44eba8bab6df99ade4acd
Drum/percussion/Cowbell1_Hit_v1_rr1_Sum.wav	141332	5b416225570170af468f898eda2a57e3e2945c2cc25dc634f5d148118a38ab05
Drum/percussion/Cowbell1_Hit_v1_rr2_Sum.wav	137672	71c13c4d910450398271f7e79ea80a20565c7d529e34b1364fa1dcb80426f27f
Drum/percussion/LogDrumHi_MedM_v1_rr2_Sum.wav	282404	bb27144d04662d655c84333bb33e65a4c270189c777983b328ec9d1445694029
Drum/percussion/LogDrumHi_MedM_v2_rr1_Sum.wav	272684	8c4f61b36a13a8559f1777845ee9795bec52e07d2e86f05d50097bee6abd08b0
Drum/percussion/Ratchet1-Crank_v1_rr2_Sum.wav	295132	1e2c9aec8cead09882d76a0f88df9d40e2d881912efce4b7b9e1ed799e14b48a
Drum/percussion/Ratchet1-Fast_v1_rr1_Sum.wav	1247400	131aa744d29fa806727ab6afa012f1150c8240ba0e006f9acd4e62e9ea0c05c8
Drum/percussion/Snare2-HitNS_v1_rr1_Sum.wav	237194	cb715753d4ff2ae82670d658b273731d4b38afb51143e9e38c3b393094ab40a4
Drum/percussion/Snare2-HitNS_v1_rr2_Sum.wav	248600	4030724235bb2ffcd7eb6e8f76467c8d34f9567289abf824b276648d76c0aaa6
Drum/percussion/Snare2-HitNS_v6_rr1_Sum.wav	294740	99eb971d52c61be663b8da57701b6476726a669a2457705d8469ad638394c998
Drum/percussion/Snare2-HitNS_v6_rr2_Sum.wav	319184	e153d7881c06e5fa612729f4195a2252cc73e713acbb5dbe5cd8556d217d1992
Drum/percussion/Triangle3-Hit_v1_rr1_Sum.wav	1482680	ec2eb51ef2d090b8b3e33622bf39db7520867d52ddf56ced088d7994807a3763
Drum/percussion/Triangle3-Hit_v1_rr2_Sum.wav	1251436	65a6c8838e68ea9be7ac82b44b32533bb8801e877d6ff128214bd9fdc0785f33
Drum/percussion/alien1_ff.wav	568832	62e6f06f9f301fa4cfe6b9312c4ff55dc1dd8b076620e88bcdc02c447e0eab13
Drum/percussion/alien1_pp.wav	609460	5428f29b42e78c2df10192259b911dd19988c51622b716971bde8ea7284479bd
Drum/percussion/antlers_large_clash.wav	518386	467270e21619c9195021f9a4f8009f155d02b51896352ea928472d0eabd9ba7f
Drum/percussion/bassdrum_rub1_v1.wav	813882	e906d63ab502971dfaefab6e2032332db327ba4b0cfe75101aef6d099fcb7df1
Drum/percussion/bassdrum_rub2_v1.wav	1974098	5dad744e5a88783194e4c410a3e37e797ff3ef1922bf2ecd5f9ec16e84eebb96
Drum/percussion/big_metal_rods.wav	347104	c4fe7c02c9513e34af790c1030fbaa547bf2c20c5b2bf4df53a301ac4b455ed0
Drum/percussion/bones_down.wav	482178	9df883f8f7645506147350e64fb3acec9f70a8d854b1ae972eabde306b81fed6
Drum/percussion/bones_up.wav	521814	e8b59209bff9061778ae81a3849f9a21e1b8e4cbe44ec8796ca61f512e1f1b1e
Drum/percussion/canvas_head_drum_with_jingles_14.wav	869730	7757c04ab67926eb5893d33697e48004ed3ef46aa940082fef667824b0f88211
Drum/percussion/chain_drop.wav	300132	fc52f58bc5fcad212c3864d0e3d8f3824894c9caac0510c1ca5e859264b3fa6f
Drum/percussion/cow_teeth_drop.wav	394428	b0fbc7e5b985ced0519656fa9d90a05e2f8a1f87442616ab3dc1a0b4e65bb2d0
Drum/percussion/cymbal-crash1_pp_rr1.wav	1646510	4b4f1f76ba77877a67bb5969fde058dfd57cc455f92979d96b8e051419be1a3a
Drum/percussion/cymbal-crash1_pp_rr2.wav	1508818	5a37ad2be0115b8f52989941026831ee0825273899e03419e3447536d7388ca3
Drum/percussion/distkit-claves.wav	8072	3be640e2234b19464afadcfe76101bd7e38e1a7edab5faeae454d0ab205e3e11
Drum/percussion/distkit-cowbell.wav	159116	becad8bdf672c1a417ca7dc2583197504780c93cf162725818bd37f74bcc0569
Drum/percussion/distkit-zap.wav	143264	448e90e52c7dd2f454c16717688d0c285d62fdc823b92fb2a5c98c3f70d8d1c2
Drum/percussion/frame_drum_16.wav	959616	2453d15b43730248836ed34e0a7f08c0b81b8d3860267d845b0060a54f0e9b08
Drum/percussion/gongHit_f.wav	5433094	348226a7aceea02fa2d508f329283ea0329d76d21afa6f5a56af95bfaa037048
Drum/percussion/gongHit_fff.wav	4822774	998b27e21ee1639a73c1d71c8093e98cab4a10223640a59e8902ecfc557f74ac
Drum/percussion/jewelers_anvil.wav	502278	06fc142c9256a0b832f7c5c8f0ed1e03afb95e1db01920a489e1eaa93debd497
Drum/percussion/medieval_drum_20.wav	815244	6e8ef47ed22912da06917dd42cc82716a7c01656c295e26381415ce766b9b4af
Drum/percussion/medieval_drum_24.wav	1274730	f87c0b14bc32dd01b6b5cf577ef37490f22329199970affba4417c9d3ed90950
Drum/percussion/pitchfork_socket.wav	645240	f2a1e28918051e9398c482032f343f29e1bb04c238687c834de1740dd1c5f382
Drum/percussion/sdbkit-fmperc.wav	117296	4525380378a65866f917185b8f4d2ea9910bc7212799b740a4febf572562435d
Drum/percussion/shoemakers_last.wav	377640	f438b7651cc8a4a7af970f2fd9a7ff4a8ec097884f2ece29de02c762d711fb09
Drum/percussion/susCymb1-bow-4.wav	1372438	0d5d565d14d615707f3f3f86b26c0a7f803f22d02c6cce6fb79e9724aa6026c8
Drum/percussion/susCymb1-cresc-Long_v1.wav	2991302	545ac0e20d235af9f6a54031ebdb9d82a27730bb7ca47ea192763a6aa8a4aa9b
Drum/percussion/sword.wav	1108842	cece55ead4c5fc237da087d2c2f41693a36d59b3c929c4b00a56ee6cda49d751
Drum/percussion/synthkit-8bit.wav	68306	e35addceeeeda390f25ca0eef0e23d3efed287f4fb2b3e296b3bdf302922c9e2
Drum/percussion/x0xproc1-rimshot.wav	39548	eb6206d6b5a510121f45091fa7a5b87a5c968c0db97fa514c05cee1ba62b5413
Drum/percussion/x0xproc2-claves.wav	27794	5b29e8fc66ea6253bf54602178d96743a70108f47e5eb9fb2cc1ea16fd4c56a3
Drum/percussion/x0xproc2-cowbell.wav	148148	450d5fa056a9a3865154c404ff727473c73a15792fb7284562748b6ae572d82e
Drum/percussion/x0xproc2-maracas.wav	20024	4730d893f35c3699f0d1a3b3cf379d11353a23bd42c3c4758e864bb358599bd4
Drum/percussion/x0xproc2-rimshot.wav	14588	7c4ba10005d5e73dd9055b6c9aeea53b3cfbd57def961cf591a9638591cf7dae
Drum/percussion/zap1_v1.wav	322184	6bcdb01132898eb7b2db3abcbcd4cf037b15080c7de95ab781b1bdef1e852101
Drum/percussion/zap2_v1.wav	362448	bd9a10d3e60d0925dfdd77e91bfd0a439990742852eef508a02bbd31bb977f26
Drum/rimshot/132418__sajmund__rimshot-sweet.aiff	206932	61954d4860544ee321a8315fdd8270cff594a505bcdf744372cf62e02bd391bb
Drum/rimshot/455640__uberproduktion__fd808a-rimshot.wav	52964	60d51e18ab1d2f06a04dde5c60b472d4358e974b5d20abce043a8ea42d2bf556
Drum/rimshot/511382__pjhedman__se1-rim.wav	29792	8364abdae3e1c0a01a87359a6fe5cd080ffdb3dd475f901a9580c6fca6bc9aab
Drum/rimshot/533089__sassaby__timbales-high-rimshot-macho.wav	301552	dd2eedfa5745ce18867117400b75beb6350dd6568d8509fb88daf2227a7332b8
Drum/rimshot/573256__sorinious-genious__timpani-rimshot-4.wav	1161460	c018feab50c8703e25f3f3a84a5af6d471830e5e05bc242a54a5a93941be5615
Drum/snare/173087__yellowtree__wood-snare-sample-3.wav	264538	284b3ddd59b5c17e450f7965265b199d7313e8c84e516fc23c0aff73daf9d542
Drum/snare/212211__alexthegr81__tapesnare-18.wav	182494	b27935c89f2e38db9bcdda1b8f367081a1bfda4aba9f41ad1b8483df7b7ff979
Drum/snare/212233__alexthegr81__tapesnare-5.wav	57182	ee993d97df9e4cec6f21dd305b007287f8b6cd7f32d68b67cc747d245a238b13
Drum/snare/212234__alexthegr81__tapesnare-21.wav	220942	8092e514fa37e09cf7cf12565b68a4b0b717fecfb3e10475100c999faf6549e7
Drum/snare/387186__alexiero-1__ai-snare-20.wav	56846	55aca22829d6a54590e54be9c44040689427239d8e874e9242e30ee455125e0c
Drum/snare/501249__veiler__brian-snare-loud.wav	97792	b5451d19d7a2f20ffc4b0a92d3d57c887237d8a4dd796e741482962aa085c104
Drum/snare/Snare1.wav	332334	9986f9928cdf2118b7e95faeecfcc571d3767f2ec14eff98d2b0f4ede98a3bd8
Drum/snare/Snare4_HitSN_v2_rr1_Mid.wav	153432	ef3d567a517ce2ccca8a933eac0cba1aca6bfc1129f17773d13da5fce769eff2
Drum/snare/Snare4_HitSN_v2_rr2_Mid.wav	136828	f79ab2c3343ac5360128cd4c6753a540e00d32ea72bfef2a9e232a469d2f566a
Drum/snare/Snare4_HitSN_v4_rr1_Mid.wav	178720	28330d9ad160c998cdcccd41a7db05081f448d389eee569ade365f7d2838e784
Drum/snare/Snare4_HitSN_v4_rr2_Mid.wav	173412	070b69a41e67a25172c5161b32bca7977f1a18cda8e766606520eec8c14208c1
Drum/snare/Snare4_HitSN_v5_rr1_Mid.wav	177824	5d3a3a632bd2da7f3edc698de86ebcb5f596d4397990312598bca36b6c75e0e7
Drum/snare/Snare4_HitSN_v5_rr2_Mid.wav	175608	866666951d39c38052d73e9d8cff693a75c1e6498770a15cfbd391699c1dfc59
Drum/snare/Snare4_Xstick_v2_rr1_Mid.wav	137940	547988ba9c75ac4cb54222c240f0ee56f6224b0578fa87a044e182b9cfd8c135
Drum/snare/Snare4_Xstick_v2_rr2_Mid.wav	180996	a32af6ae5f725f68386012c61737ebd151de993317eb23a1e92ecce7942e6680
Drum/snare/Snare4_rimshot_v2_rr1_Mid.wav	323000	a7444dd2945019a7dc08e574b7270ace4b34274b70f7f1622d719bfd1a7e9b4b
Drum/snare/Snare4_rimshot_v2_rr2_Mid.wav	348224	f6f8e1dacae9a3af84736e37f33e39dc3a699ca5a13e35676f3a39345a84e5e3
Drum/snare/Snare4_rimshot_v4_rr1_Mid.wav	490352	dbe6e4758a967a7b93cd7a00f6a55a7ffe182fac38a6666a74fdd880c98b9a97
Drum/snare/Snare4_rimshot_v4_rr2_Mid.wav	414596	7de02ea9bca7a7ada39f9bb43e6536ad64261befc5814664a09d284546a1a6fd
Drum/snare/Snare4_rollSN_v3_rr1_Mid.wav	1455856	35baf331d648945ceae8dcdb3181f7fe31561a3aa16baed1cb8ccd9ee8c085de
Drum/snare/Snare4_rollSN_v4_rr1_Mid.wav	1480076	997ac3f865607d3cb041efb22db0eab911c319e74d2c3f29e946b82b3ac35c46
Drum/snare/Snare4_rollSN_v5_rr1_Mid.wav	1310668	95d112610bf0106f38ce20342882a7b925deb920fd554ff3761ad46171291c13
Drum/snare/Snare4_stick_v3_rr1_Mid.wav	172120	ce808a9081f309cca28538b172014e44f8eafe2f944403147446741be76df3bf
Drum/snare/Snare4_stick_v3_rr2_Mid.wav	171868	e19aa92d557f90405cb14f9a4d1cef469c2196fe6bb23dcf2603c355a16f0ae9
Drum/snare/Snare4_taps_v4_rr1_Mid.wav	132388	7435b05a02cc71e791709e83c1550194ef8f932a6025df30f46903b7b75b9a33
Drum/snare/Snare4_taps_v4_rr2_Mid.wav	136488	2a1dc3ae1260a10a9e728a4486b2774dcdbe63c170b7b2e0bc037fe4bd2617e7
Drum/snare/distkit-snare.wav	68840	bca873444c1a07f1aaaa79ed304faf593d375a4330c73b2aaadb563947fe4422
Drum/snare/sdbkit-snare.wav	69986	163d8942e804f5f81ed62d541fa1985332af891cc84b0e3bc6237374698a223f
Drum/snare/snare_10x6.wav	367736	c75dfff0c8bf61474e7bef45ecab8f0107a8364b71d47f2f8b1c001b34f3cfe5
Drum/snare/snare_12x5.wav	604418	9a1d89f5ed76891fe35c76b76eed510626667e47d4277ca81dafcec954d2ecf2
Drum/snare/snare_16x7.wav	573380	2fd7dadf9ec09560a164c89ac019648778ec99f4e6d1510aa36d943902025806
Drum/snare/snare_Pearl_alumunum_14x8.wav	595352	1cca8e26a75168b3abcd3bee740c0e57d444fa6ead0be411aed5fa799ef1cdcf
Drum/snare/snare_ziggurat.wav	605690	e7c1b3ac83da1c6dcfdb1ffd3766658014fcc44487ab5569d200b91d63fc782c
Drum/snare/synthkit-snare.wav	61952	177549cd845ecccef1a4a8d89bfa0ff3df7279e1e6016ff05534db0b3e1f541e
Drum/snare/x0xproc1-snare.wav	111182	5c5b35d9565e53500a6bc5524ab1d4f249fe3d91878b1d1c103d95c87acdfe6b
Drum/snare/x0xproc2-snare.wav	85796	161cfe4121a2340edec75eb228a5754684c25a4999ca3477542e7d895e128246
Drum/toms/distkit-hitom.wav	180176	4ca8f4daf4b55d61d8f0a48f95268329852877c10bb40864a82f67f3774a421d
Drum/toms/distkit-lotom.wav	177866	1c37f8720881f3530f39c6f33a749a7e81fffb9d9d331bfb63ef8c85f19bd1d2
Drum/toms/distkit-midtom.wav	202616	7ccd033c24fdf8722086aef255cb022d6fec618f2939221d8704a3e0b03fbb1c
Drum/toms/sdbkit-hitom.wav	164492	afa13190e549d8a984d70209449194699cd2c9412874cfbaf89a14443b6a6328
Drum/toms/sdbkit-lotom.wav	158288	80b5dcec5a5be0cddfef0bc2bfb49f4594868ee38b31453e8a456fdf4ebf86a8
Drum/toms/sdbkit-midtom.wav	155390	9848e353e6f21047f578baf4b4f4eab5e92835d6237a26cd03122c8f8107f911
Drum/toms/synthkit-hitom.wav	155624	2c6966492d2bf868e24abac0af4f5fcb025b59b2d9023cbb0134392fbd535fc6
Drum/toms/synthkit-lotom.wav	163442	b213f21bfc9e40586d1d3a1d2e9388dccfb26079517c576c27bb8d00e3402e2e
Drum/toms/synthkit-midtom.wav	158660	aac853f578e39e45ef440ba13db76c40dc57bafc104fce208a79bb5753cb28b5
Drum/toms/tom_RMIF_22.wav	788570	3ca31135e18411eb3c60efc97ec75390327d7b19b02169ea3356dd1360c97371
Drum/toms/tom_Szpaderski_14.wav	661262	3bb45ccd337301f66314953b27879088283cc620ddb7790cb17cbbbdced55402
Drum/toms/tom_Szpaderski_15.wav	613442	2ce07a606aad2557bb3f720f43f2d61e9e2a0a1351fad9e387f9fb615f5df331
Drum/toms/tom_Szpaderski_18.wav	599876	0024c36a41232c73d510dad817bb461840fd7a9fca726721d0ad158dd1176b9a
Drum/toms/x0xproc1-hitom.wav	159428	71bf275586cb7698c2325378d617a4770f9faca09d8f770d12b34eeb6bf0e756
Drum/toms/x0xproc1-lotom.wav	221108	e5544cb873a6bcbdd11d38033249037b9a1953816b3c77dd552d81ee9ff8f7fb
Drum/toms/x0xproc1-midtom.wav	208658	ebc2f45ee7337d48d156c71706dff3889d23f7f823b37b0bc65d33e0139f7535
Drum/toms/x0xproc2-hitom.wav	100334	35dc012905e980babca66c5d8af395b192bdc17ac5803aadf130b205ac4f1628
Drum/toms/x0xproc2-lotom.wav	277388	e6d49e70e4fd6a5b2b02367283ef9e68991f38e61067d27a14d748a7d7641570
Drum/toms/x0xproc2-midtom.wav	128444	1f6a79bdedc4f438d4875d267e530eed0cc4c197607c4349f951df87ab7ca6af
FX/guitar-fx/a-dive1.wav	606290	ea4af44162f6ce8b8c1f3a1e31d46c0d2ff6cc832c8eff6ddc1cd552cc7968c0
FX/guitar-fx/a-dive2.wav	796784	62438654c5fce8a95f955936a6a431e9cbc0dcfbfa9a0a8c6a759c1d52aa5c47
FX/guitar-fx/a-harm.wav	1035998	57dcf7ff15f7c109d244f54c78d1611d80237c2c690b12ed561f0a792452052e
FX/guitar-fx/d-harm.wav	907358	3fdbe9d034fc2999848c79c34269ca0776a94bb159c85a34b13f1711bb6f530f
FX/guitar-fx/e-harm.wav	923996	9e940c4411d99dc400a81af59c3f3ed483855845fd934a6dbab4589c69595c48
FX/guitar-fx/stringscrape.wav	1116770	bdbbaed19d640924c169e5675a5e14b7343cd31f93de4296d0c446d2b8f8d9a9
FX/synth-fx/Alien_Shotgun_G.wav	1112056	0f240946ef3375709371d19b02ce1fbad9759a7ece0f09b27d541f15a09f02dc
FX/synth-fx/cyborganic.wav	18871340	347073e3e68ba15849d1df66d25106aecda633cd47eb49c6a17907b567a59e12
FX/synth-fx/spookscape.wav	20250668	9c4acc5cdc3f801f11327096513f038e6ab05e36f1dffc70d748a2f63100fb9b
FX/synth-fx/whatsinthere.wav	15591980	e5d729f4dc5f469208f221f556985813aa54ca9e469ed1df95261fadeffa8e39
Found/bowlhit.wav	139168	8ca69b42bedb23e937f31e27ba3f7c7e18579d6eeacb2cbfdbb09c328e8ab8c2
Found/coinshake1.wav	724218	99364999b89f70be6a3a696045c4831a4b1c68a215a6162338d8bf7e44fdf436
Found/coinshake2.wav	306352	b6f66027d7bb68f43ea22ac637d66c50b42d5648a559fe93987aa3bed42a30d9
Found/glass-hit.wav	35358	bd6c8adbeb5c6f903fc16f4f6ae9e642ef87deda96613e5bad8f842fbc1bb4ee
Found/lid-swirl.wav	751936	add994f53c53a50bdd485b3fe1af1240f77393cb9d6fc5224387b988ad79df56
Found/thunder.wav	2179796	9739df297a607095dccabeb574bbbe00cece4daa128e730678588a3e63c73d58
Loop/120-crossed.wav	1059136	aa4965a194500e4965aacbed5f4ce953714b7edc1661198ea10b89e37f33735a
Loop/120-filterhats.wav	2117536	e1871a396fae6161179adb50804fabd9c3cacf32110da80678ee9928daf9ea3f
Loop/120-funkybeat.wav	1059242	767af9fa3e164f3472623fe6c93f1d61d45f259cc66bd1ff1f5c28ef5a8c6d02
Loop/130-discobeat.wav	977912	c64e092f0a684487dd13813439c4c0d51c9f106add2e2d710350fc22a20ec0b8
Loop/130-voxybeat.wav	977722	39332feb646a8563e295b277b9c1e0f45b2042a34da8ec835fbc964aa9facf85
Loop/130_metalworx.wav	3907982	c241e0d9d93c8afa143c1e945af4d19ae8e59ac519f2bf2f8f1424df80cff3c9
Loop/140-resobeat.wav	1815136	41dd07ecf256d255e587cf42aa675c5e6d4b0346713ef4e936c1672a6aed381b
Loop/140-vocodiver.wav	1815136	88ebbee66abd691620447b18045d6121a9987075cb6ab0e88e6ec2617d4df992
Vocal/December.wav	315978	d795fc6e7ac551272b3e0541987dd83528df153503e0222611f45506a389b26c
Vocal/Excuse_Me.wav	39468	25f4a7b3a49074816c7e95bd5e8534acc6022009b24b9d266fe7b3fd6d72989a
Vocal/Fantastic.wav	2249836	269590aa49f2fc0097da8a6cd0e7ea680890cdfd6625d73df6830cb1eb1ffffa
Vocal/I_Hope_It's_Not_Over.wav	662236	362f290244d96ff062089c18f7796f279e972e108095de42747ffd0afe3a3535
Vocal/Life_Goes_On.wav	409662	1d97465e62e1d1c430740957c011fb0cb86ec305c3bfa6ca475500af71dd900a
Vocal/One_Two_Three_Let's_Go.wav	778360	f97fa70b3895549f078ee14f134a27362949a2a7d63bc235b7111e94d30dd309
Vocal/Praise_The_Lord.wav	445698	3a96ebd244112ef76453c54c1878d512fa115020c74e63665a64ba8b26a3318e
Vocal/Pretty_Cool.wav	311622	40d93be7949bca47db434500f647dbd044e20873f7e49ffe07e481a1d69ae583
Vocal/Shine_Muscat_Is_Bussin.wav	600426	8b9d887a584294261072c437d0273d05428f368507fd806728f0f1134c895163
Vocal/That's_Insane.wav	794536	54a45c16d019d00124c1ed4ee732bac5790532b4f0851a06981a96510d091423
Vocal/Vocal_Check_This_Out.wav	319350	822ba8359314e4aa046f2eed2c7bef2fb17338a1811ff5b586c082aa7afb0a48
Vocal/Word_Up.wav	529936	679280f2a719e9be669d85a8fcbf5d541851597d0f1b40bbfb3d8a3732284fa8
